ID,TITLE,LOCATION,SALARY,SUMMARY
https://kr.indeed.com/viewjob?jk=79fb95da6dff4025,하반기 신입(채용 연계형 인턴) 수시채용,서울 마곡동,,"Python, R, 기타 코딩 능력 보유자 또는 통계 분석에 대한 기초 지식 보유자 중 1개 해당자 우대사항 · 통계 분석에 대한 기초 지식 보유자 · 기초 프로그래밍 코딩 구현 능력 보유자 ( Python or R..."
https://kr.indeed.com/viewjob?jk=e91b5984e7f5d3fd,"데이터베이스개발자, 웹개발 신입/경력 정규직",서울 영등포구,"연봉 36,000,000원 - 60,000,000원","개발자 ㆍCss/html 등 웹디자인 관련 유경험자 ㆍ자바스크립트, Python, C++, 닷넷 등 ㆍNode, Selenium, electron... 관련 유경험자ㆍ자바스크립트, Python, C++, 닷넷 등 ㆍNode..."
https://kr.indeed.com/viewjob?jk=e742db63ad7e269f,프론트엔드 개발자/디자이너/기획/마케터 정직원,성남 수정구,"연봉 30,000,000원 - 35,000,000원",JAVA|인터넷·IT·통신·모바일·게임>웹프로그래머>백엔드|인터넷·IT·통신·모바일·게임>웹프로그래머> Python|인터넷·IT·통신·모바일·게임>웹프로그래머>HDML|인터넷·IT·통신·모바일·게임>웹프로그래머>APM|인터넷...
https://kr.indeed.com/viewjob?jk=e81b135b5b40cc6a,[PBN] Back-End 프로그래머 모집,성남 판교역,,"Framework(Spring Boot)또는 Node.js 이용한 Application 개발 경험자 2. Python등의 스크립트 활용 3. mongoDB, mysql 개발 경험자 4. 최신 기술 동향에 능동적인 마인드 보유..."
https://kr.indeed.com/viewjob?jk=9f0ce22eee4259bb,"교육 기획/운영, 시스템 기획",서울 성동구,"연봉 32,000,000원 - 36,000,000원","Science, Data Science, AI, Algorithm, Python 등... 데이터 분석, 인공지능, 프로그래밍 언어) 교육에 관심... AI, Algorithm, Python 등)• IT(데이터 분석, 인공지능..."
https://kr.indeed.com/viewjob?jk=aad13961b12efb3d,[2022 전문연구요원] Programming - 서비스 플랫폼 개발,성남 판교역,,"ECMAScript에 대한 이해도가 있으신 분 - C++, Java, Go, C#, .NET 프레임워크, Python 기반 프로그래밍을 능숙하게 할 수 있는 분 - iOS, Android 모바일 어플리케이션 프로그래밍을 할..."
https://kr.indeed.com/viewjob?jk=60897e7668c2f24c,LINE Desktop Client 개발,대한민국,,발부터 배포까지 다양한 경험을 쌓으신 분 FFmpeg 소스 구조를 이해하고 능숙하게 이용할 줄 아시는 분 Python 스크립트를 능숙하게 다룰 줄 아시는 분 근무지 서현역 분당스퀘어 (※ 본 포지션은 협의에 따라 Remote...
https://kr.indeed.com/viewjob?jk=f21952a2d7a0bfd8,"[Robotics] Robotics Software Engineer, Navigation",서울,,"요역량 ㅇ 컴퓨터 공학, 로봇 공학, 전자 공학 등 관련 기술 분야 석사 이상 학위 또는 3년 이상의 경력 ㅇ Python 혹은 C++ 언어의 능숙한 활용 ㅇ ROS/ROS2 혹은 유사한 framework를 활용한 robot..."
https://kr.indeed.com/viewjob?jk=f918bbdb2030f3bf,Product Engineer - Fab Analytics,경기도 성남,,"working as process, integration or yield engineer. Python programming languages. UNIX/Linux operating systems is required..."
https://kr.indeed.com/viewjob?jk=c41af20fbf0580eb,Solutions Architect,서울,,"experience with C/C++ or Java Scripting experience with Python, Ruby, Perl, Bash. Ability and flexibility to travel to work..."
https://kr.indeed.com/viewjob?jk=d07d4b00d26f236c,[TmaxAI/R&D] AI & FinTech 부문 프론트엔드 연구원 개발자,성남 분당구,,"전산관련 전공 - 반응형 디자인, 웹 접근성, 웹 표준을 고려한 UI 개발 경험이 있는 분 - Node.js, Python, PHP와 같은 다양한 언어 및 프레임워크 경험이 있는 분 - 테스트 및 배포 자동화 경험이 있는 분..."
https://kr.indeed.com/viewjob?jk=d7e9da4d32399dfe,침해사고 분석/대응 및 보안장비 운영 담당자 모집,성남 판교역,,"최신 인프라에 대한 이해 (Docker, K8s, Hadoop, ElasticSearch, kafka 등) python 등을 이용한 업무 자동화 유경험자 EDR/백신 관리 유경험자 적극적이고 긍정적인 마인드 보유자 원활한..."
https://kr.indeed.com/viewjob?jk=dc3cf3a8897f1c3a,[KREAM] Server 개발자,성남 분당구,,유치[KREAM의 문화] 인터넷·IT·통신·모바일·게임>응용프로그래머> Python|인터넷·IT·통신·모바일·게임>빅데이터·AI(인공지능)> Python|인터넷·IT·통신·모바일·게임>통신·모바일>플랫폼(VM)|인터넷·IT·통신...
https://kr.indeed.com/viewjob?jk=4022f49bc50ef230,인프라보안 엔지니어,성남 판교역,,"보안 설계/적용/운영 경험 - 정보통신망법, 개인정보보호법, 전자금융감독규정 등 컴플라이언스의 이해 - Python, Script Language 활용 능력 공통지원자격 - 병역필 혹은 면제로 해외여행에 결격 사유가..."
https://kr.indeed.com/viewjob?jk=045c3f7ac2bf61ab,"Lead Software Engineer, Machine Learning (English)",서울,,"machine learning. Experience coding in C++, C, or Python. Ability to speak and write in English fluently. Preferred..."
https://kr.indeed.com/viewjob?jk=7fdcd7a7457b1e93,데이터 분석,경기도 성남,,"의 서비스 이용/소비형태/이상현상과 트렌드 변화가 궁금하신 분 - B2C서비스 데이터 분석 직군에서 데이터 핸들링 경험이 있으신 분 - SQL,Excel,R, Python 등을 이용하여 데이터 추출 또는 분석이 가능하신 분"
https://kr.indeed.com/viewjob?jk=ffed458dd6df1a30,[2022 전문연구요원] AI R&D - Speech AI,성남 판교역,,분석합니다. 3. 음성을 만들어내는 음성 합성 모델을 개발합니다. 지원자격 학력 : 석사 이상 필수조건 - Python을 이용한 프로그래밍 경험이 있으신 분 - 데이터 마이닝/딥러닝/인공지능 관련 전공을 하거나 연구 경험이...
https://kr.indeed.com/viewjob?jk=916f1f5d823cb66a,Embedded SW Engineer,경기도 성남,,"C (must have) and C++(optional), lua(optional), python(optional) and Object Oriented Programming. Deep knowledge..."
https://kr.indeed.com/viewjob?jk=d158e683dc0b7500,파이썬 개발자 초중급 이상,서울 서초구,,전형 접수방법 채용시 접수방법: 인크루트 채용시스템 접수양식: 인크루트 이력서 기타 유의사항 입사지원서 및 제출서류에 허위사실이 있을 경우 채용이 취소될 수 있습니다. 인터넷·IT·통신·모바일·게임>응용프로그래머> Python
https://kr.indeed.com/viewjob?jk=22ffe020e40de675,[포티투마루] 인공지능(AI) 개발자 전 부문,서울 서초구,,인터넷·IT·통신·모바일·게임>빅데이터·AI(인공지능)> Python|인터넷·IT·통신·모바일·게임>빅데이터·AI(인공지능)>머신러닝|인터넷·IT·통신·모바일·게임>빅데이터·AI(인공지능)>딥러닝|인터넷·IT·통신·모바일·게임...
https://kr.indeed.com/viewjob?jk=b965ad2a49e454eb,네트워크 모니터링 및 자동화 시스템 개발자 영입,성남 분당구,,응용프로그래머>JAVA|인터넷·IT·통신·모바일·게임>응용프로그래머> Python|인터넷·IT·통신·모바일·게임>HTML·퍼블리싱·UI개발>웹퍼블리셔... css|인터넷·IT·통신·모바일·게임>빅데이터·AI(인공지능)> Python
https://kr.indeed.com/viewjob?jk=8196e4b257c99ea3,Software Engineers (Embedded Avionics systems - Software Ver...,서울,,"support. Experience software verification in C++ or C or python or code coverage (LDRA) Demonstrated creative, critical..."
https://kr.indeed.com/viewjob?jk=fc09bd46b913c048,시스템 엔지니어링,성남 판교역,,"운영 경험 보유 - 쉘 스크립트 또는 프로그래밍 개발 스킬 보유 * Bash, PowerShell, Python, JAVA, etc * 운영 자동화/효율화 경험 보유 - 대용량 트래픽 처리를 위한 인프라 설계와 구축..."
https://kr.indeed.com/viewjob?jk=99d83bdfd2fffadd,Mendix - Senior Consultant (South Korea),서울,,"language including SQL, Java, JavaScript, .NET, C#, Python... React You are passionate about cloud-native and mobile..."
https://kr.indeed.com/viewjob?jk=041f571c19d01c97,Sr. Application Engineer Consultant - HAV,경기도 성남,,"software engineering Knowledge of scripting using Perl, Python, Makefile with UNIX... LINUX platforms Knowledge..."
https://kr.indeed.com/viewjob?jk=5331de34a85a125a,[코그넥스] 딥러닝 연구원 (신입/경력/전문연구요원),서울 서초구,,"network 등) - Deep Learning 방법론에 대한 데모 프로그램 제작 및 제품화 코드 작성 ( Python / C++) - 다양한 종류의 제조업 이미지 데이터에 대한 탐색, 분석 및 전처리 모듈 구현 - 최신..."
https://kr.indeed.com/viewjob?jk=ef88408379936c67,"Software Engineer (AI & Autonomy, MLOps)",서울,,"more than one software languages (e.g. C, C++, C#, Java, Python, Javascript, and so on) Strong passion for developing high..."
https://kr.indeed.com/viewjob?jk=e84b86f48dc2081d,Consultant PSG,서울,,"Learning & Predictive modelling (in R, Spark MLLib, Python) Knowledge... following TIBCO technologies... huge..."
https://kr.indeed.com/viewjob?jk=14d562d10c215572,"PHP, Python 신입/경력 정규직",서울 금천구,,"주식회사 비즈부스터 PHP, Python 개발자 채용 모집부문 및 자격요건 담당업무 자격요건 인원 [담당업무]*당사의 서비스(비즈탑) 솔루션 및 서비... 프로그래머>PHP |인터넷·IT·통신·모바일·게임>웹프로그래머> Python"
https://kr.indeed.com/viewjob?jk=6677f85e8e3a4101,Software Development Engineer - Security,서울,,"plus experience with Agile/Scrum. · Experience with scripting (e.g., Python, shell scripting) · Bachelor’s degree in Computer..."
https://kr.indeed.com/viewjob?jk=843990d202421373,데이터 분석 및 모델 개발가능자 (신입/경력)사원,서울 강남구,,터베이스·DBA>SQL|인터넷·IT·통신·모바일·게임>빅데이터·AI(인공지능)>빅데이터|인터넷·IT·통신·모바일·게임>빅데이터·AI(인공지능)> Python|인터넷·IT·통신·모바일·게임>빅데이터·AI(인공지능)>인공지능(AI)
https://kr.indeed.com/viewjob?jk=112659bfb23fd233,DevSecOps Engineer,서울,,other K8s ecosystem Experience with scripting languages... Python / Ruby / Go. Good written/verbal communication skills...
https://kr.indeed.com/viewjob?jk=6b8435bca1893031,Data Architect,서울,,"multiple platforms Programming languages, especially Python and Java, as well as C/C++ and node.js Operating systems..."
https://kr.indeed.com/viewjob?jk=e0e37aaebc73dde3,지표구축,경기도 성남,,"대시보드 플랫폼의 활용이 가능하신분 - 새로운 서비스 출시후 모니터링이나 트랜드 확인이 가능하도록 설계나 지원이 가능하신분 - SQL,Excel,R, Python 등을 이용하여 데이터 추출 또는 분석이 가능하신 분"
https://kr.indeed.com/viewjob?jk=55e2f1523d6bd078,TOAST CAM AI 개발 담당자,성남 판교역,,"학사 또는 석사 학위 또는 그에 준하는 실무 경험자 (신입 지원 가능) - 임베디드 환경 개발 경험자 - Python, C++ 개발 경험자 - 임베디드 환경 개발 경험자 - Deep Learning, Computer..."
https://kr.indeed.com/viewjob?jk=805a042a5ac51bff,Anti-Piracy(콘텐츠 불법 유통 방지) 엔지니어,서울,,개발 3 년 이상 유경험자 - TCP/IP 등 네트워크에 대한 이해와 다양한 웹 크롤링 기술을 보유하였으며 Python 프로그래밍 숙련자 - 중규모 이상의 시스템 아키텍처 설계 가능자 • 우대사항 - FDS(Fraud...
https://kr.indeed.com/viewjob?jk=be6c1f03fa566f8e,추천 시스템 연구/개발,성남 판교역,,"분야 석사 또는 박사 학위 소지자 적어도 하나 이상의 능숙한 프로그래밍 언어가 있으신 분 우대사항 Python, C++, GPU 프로그래밍 숙련자 TensorFlow, PyTorch, implicit 등 머신러닝/추천..."
https://kr.indeed.com/viewjob?jk=915b6c68628695d6,AI Research Engineer - Intel Contract,서울,,"PyTorch, and Caffe - Strong programming skills with C/C++ and Python - Experiences in programming and testing on Linux..."
https://kr.indeed.com/viewjob?jk=3822d1c0cf5cb8db,BackEnd Engineer,서울,"연봉 50,000,000원 - 150,000,000원","Javascript, Java, Python 중 적어도 하나 이상의 경험을... 구축을 경험하신 분 * Modern Javascript, Java, Python 중 하나 이상에 탁월한 능력을 지닌 분 * AWS 상에서 제품을 구축..."
https://kr.indeed.com/viewjob?jk=7df915e1f0f86b2d,Software Architecture 설계 엔지니어,성남 분당구,"연봉 40,000,000원 - 100,000,000원",경험 - Windows/Linux 상에서 C++/ Python 언어 사용 개발 경험 - C++ / Python 언어 사용 개발 경험 - 객체지향 설계에... 게임>빅데이터·AI(인공지능)> Python|인터넷·IT·통신·모바일·게임...
https://kr.indeed.com/viewjob?jk=df228c302c3c8f9b,서버개발자(벡앤드) 정규직,서울 강남구,"연봉 40,000,000원 - 50,000,000원",시스템 개발 [자격요건]• 경력사항: 경력(3년 이상 7년 이하)• 학력사항: 학력무관• 중상급 이상의 Python 또는 JavaScript 언어 활용 가능자• Django 또는 Node.js rest framework에...
https://kr.indeed.com/viewjob?jk=3c2bf0ec25a85c9f,"Senior Analyst - Data Science, Marketing & Sales",서울,,mathematics) 4+ years of experience working with SQL and Python or R programming Ability to manage and query large databases...
https://kr.indeed.com/viewjob?jk=22da7cf33beb4d1a,Cloud개발('22.1월),서울,,"빅 데이터 시스템(Hive, Map/Reduce, Hadoop, Spark, Gurobi 등) 경험 - Python, Pytorch 등 딥러닝 프레임워크 이해 및 개발 경험 우대사항 - IoT 기반 데이터 분석/인사이트..."
https://kr.indeed.com/viewjob?jk=8d05eb89c3dfb9f3,IT/AI 개발 팀원/팀장,서울 용산구,,(주)제이로고스 IT/AI 개발 팀원/팀장을 모집합니다. 모집부문 및 자격요건 담당업무 자격요건 인원 ﻿JAVA / Python 프로그래머 경력사항: 경력(연차무관) 학력사항: 대학교(4년)졸업 이상 0 명 근무조건 고용형태: 정규직...
https://kr.indeed.com/viewjob?jk=94f5a1ceb5273e21,비학위과정 AI엔지니어링 교육생,대구 서구,,인터넷·IT·통신·모바일·게임>빅데이터·AI(인공지능)> Python|인터넷·IT·통신·모바일·게임>빅데이터·AI(인공지능)>인공지능(AI)|인터넷·IT·통신·모바일·게임>빅데이터·AI(인공지능)>빅데이터|인터넷·IT·통신...
https://kr.indeed.com/viewjob?jk=3cf01580ba5eb23a,NLP Researcher,서울,,"Stacks [Back-end] Language: python, golang Python Framework: Django, Bottle [Front... Language: python, golang Python Framework..."
https://kr.indeed.com/viewjob?jk=87985ee884920551,Business Analyst,서울,,"engineering related research. • Broad working knowledge of Python, Excel (inc. automation skills), Relational DBs, SQL..."
https://kr.indeed.com/viewjob?jk=9f1b3a55c974207a,Teacher / Instructor,서울 강남구,"월급 2,400,000원 - 3,300,000원","Cultures... Computer Science (Programming Languages--e.g., Python, C/C++, etc. ) Fine Arts Other Elective Courses Full..."
https://kr.indeed.com/viewjob?jk=ac9068957c550cb3,데이터 전문가(모델러/분석가/엔지니어) 모집,성남 판교역,,대용량 데이터를 효율적으로 사용하기 위한 기반 데이터 가공 지원자격 데이터 사이언스를 위한 언어(R/ Python/Scala) 및 도구(scikit-learn/Spark MLlib/Tensorflow/Pytorch 등)를...
https://kr.indeed.com/viewjob?jk=b0e39e829a425353,카카오 광고 최적화 연구 및 개발,성남 판교역,,"활용한 어플리케이션 개발 지원자격 하나 이상의 프로그래밍 언어에 익숙한 분 (C/C++, Java, Python, Go, Scala 등) [알고리즘 개발 업무 관련 지원 경우] 데이터 마이닝 또는 머신러닝 지식/경험이..."
https://kr.indeed.com/viewjob?jk=7417ac528f0197f0,Software Developer & Verification,서울,,"Programming Language and skillset: Java(preferred), C++, Python, CI Environment, Shell Script Native Korean and business..."
https://kr.indeed.com/viewjob?jk=ba6a0ebb6ad9cd18,IT 인프라 운영 도구 개발,성남 판교역,,"모니터링 시스템 Web 개발 - 경력 4년 이상 - Linux 환경(LAMP) 경력 3년 이상 - Python, Django, Javascript, PHP 경험 - 다양한 Front-end 프레임 워크 사용 경험..."
https://kr.indeed.com/viewjob?jk=5399a1e7606f553c,2022년 1월 경력사원 (MI/경영전략/서비스신사업/투자/DX),서울 영등포구,,Big Data 분석 관련 업무 경력 10년 이상 보유 - AI / Data Science를 위한 언어(R/ Python) 활용 능력 보유 - 데이터 분석 업무 및 DX 과제 수행 경험 보유 . 통계 / 데이터마이닝 / 딥러닝...
https://kr.indeed.com/viewjob?jk=4c4bcf5994e5cb45,Regional Research Manager,서울,,"Strong analytical skillset, including expertise in Excel, Python, SQL - Self-motivated, detail-oriented. Excellent project..."
https://kr.indeed.com/viewjob?jk=656b0a8d756e991c,뱅크웨어글로벌(주)·(주)유클릭 연계형 교육생,성남 분당구,,통신·모바일·게임>웹프로그래머> Python|인터넷·IT·통신·모바일·게임... 래머>머신러닝(ML)|인터넷·IT·통신·모바일·게임>응용프로그래머> Python|인터넷·IT·통신·모바일·게임>응용프로그래머>JAVA|인터넷·IT·통신...
https://kr.indeed.com/viewjob?jk=be95b5718905880f,AI/빅데이터/클라우드 분야 (인재 Pool),서울,,"의미한 인사이트 발굴 - R, Python, SQL 등 Statistics... 등)의 다양한 솔루션을 활용하여 서비스 개발 경험자 2) Java, Python 등 프로그래밍 개발 경험 보유자 3) Container 기반 서비스..."
https://kr.indeed.com/viewjob?jk=ec28b4a12fadf567,BigData 개발 및 운영 담당 영입,성남 분당구,,빅데이터·AI(인공지능)>빅데이터|인터넷·IT·통신·모바일·게임>빅데이터·AI(인공지능)> Python|인터넷·IT·통신·모바일·게임>ERP·시스템분석·설계>빅데이터|인터넷·IT·통신·모바일·게임>응용프로그래머> Python
https://kr.indeed.com/viewjob?jk=dc0b121b86c0e351,소프트웨어 프로그래머 경력/신입,고양 덕양구,"연봉 30,000,000원 - 45,000,000원","공학, 응용소프트웨어공학, 정보통신공학 등ㆍ보안솔루션 경험자ㆍJAVA, Java Spring Framwarok, Python 개발 경험자 ㆍ 근무형태 : 정규직ㆍ 근무일시 : 주 5일(월~금) 오전 9시~오후 6시ㆍ 근무지역..."
https://kr.indeed.com/viewjob?jk=6fa6b82e8b261430,2022년 1월 경력사원 (설비기술),청주 오창읍,,"개선을 위한 알고리즘 개발 필수사항 - 관련 업무 경력 10년 이상 - Data 분석 및 SW 설계 경력 ( Python, R, Spotfire, C++ 등) - 실시간 데어터 분석/처리/시각화 역량 우대사항 - 빅데이터 분석..."
https://kr.indeed.com/viewjob?jk=3587a5cff1e49412,[TmaxEdu/R&D] 연구 개발자 신입 및 경력,성남 분당구,,"CSS, JavaScript, TypeScript [Server 개발(사용 언어)] - Java, Python, SQL [Framework(사용 언어)] - React.js, Spring [지원 시 참고 사항] - 기술..."
https://kr.indeed.com/viewjob?jk=40feb5009f03b3f2,2. 인프라개발팀 백엔드 개발자,성남 분당구,,래머>백엔드|인터넷·IT·통신·모바일·게임>웹프로그래머>PHP |인터넷·IT·통신·모바일·게임>응용프로그래머> Python|인터넷·IT·통신·모바일·게임>응용프로그래머>Linux|인터넷·IT·통신·모바일·게임>ERP·시스템분석...
https://kr.indeed.com/viewjob?jk=b2995f32db4d005c,[판교] 화장품(대기업) 백엔드개발,성남 분당구,"연봉 50,000,000원 - 60,000,000원","개발하고 운영한 경험이 있는 분 - Javascript, Java, Python중 하나 이상의 경험이 있는 분 ■ 우대사항 - 동종업계 근무 경력자... Javascript, Java, Python중 하나 이상의 경험이 있는 분..."
https://kr.indeed.com/viewjob?jk=f3032f72a38e5aff,Sr. Application Engineer Consultant - HAV,경기도 성남,,"software engineering Knowledge of scripting using Perl, Python, Makefile with UNIX... LINUX platforms Knowledge..."
https://kr.indeed.com/viewjob?jk=190c2d8c7b313b89,[뉴플랫폼기술] 클라우드 엔지니어,성남 분당구,,통신·모바일·게임>응용프로그래머> Python|인터넷·IT·통신·모바일·게임>응용프로그래머>JAVA|인터넷·IT·통신·모바일·게임>웹프로그래머> Python|인터넷·IT·통신·모바일·게임>빅데이터·AI(인공지능)> Python
https://kr.indeed.com/viewjob?jk=51df90967b46e8f0,[외국계 스타트업 미소] Business Analyst,서울,,통신·모바일·게임>빅데이터·AI(인공지능)>데이터분석|인터넷·IT·통신·모바일·게임>빅데이터·AI(인공지능)> Python|인터넷·IT·통신·모바일·게임>데이터베이스·DBA>MySQL|인터넷·IT·통신·모바일·게임>데이터베이스...
https://kr.indeed.com/viewjob?jk=19da3484bd7a72f1,Machine Learning R&D 연구원,서울 서초구,,"가능) ㆍ최신 딥러닝, 기계학습 이론에 대한 이해 및 구현 역량 ㆍ Python, TnsorFlow, C/C++, TensorRT 등 프로그래밍 실무... 대한 이해 및 구현 역량 ㆍ Python, TnsorFlow, C/C++..."
https://kr.indeed.com/viewjob?jk=f8691758f74c5242,Support Engineer- Developer,서울,,"developing with Chatbot, Linux, Apache, Java, Node, Python, PHP, or Ruby - Knowledge and experiences of cloud services (Azure..."
https://kr.indeed.com/viewjob?jk=5fc53d8ce25c05f7,IT 개발 총 책임자,서울 성동구,"연봉 90,000,000원 - 100,000,000원",스템접수양식: 인크루트 이력서 기타 유의사항 입사지원서 및 제출서류에 허위사실이 있을 경우 채용이 취소될 수 있습니다. 인터넷·IT·통신·모바일·게임>웹프로그래머>웹개발|인터넷·IT·통신·모바일·게임>웹프로그래머> Python
https://kr.indeed.com/viewjob?jk=5395f51bc4a346af,[TmaxOS/R&D] OS부문 개발 연구원 신입 및 경력,성남 분당구,,CD 개발 운영 [주 사용 언어] - C/C++ - JavaScript/TypeScript - Java - Python 자격요건 - 4년제 대졸(학사) 이상 / 기졸업자 또는 22년 8월 졸업 예정자 - 컴퓨터 및 전산관련...
https://kr.indeed.com/viewjob?jk=ef62b0e22d2dd6a2,[kt ds]2021년 각 부문별 경력사원 수시,서울 서초구,,"W), C/C++,.NET Core, DB(Oracle, MySQL, PostgreSQL, PL/SQL), Python 등 인터넷·IT·통신·모바일·게임>전산·IT기술지원>S/W 엔지니어|인터넷·IT·통신·모바일·게임>ERP..."
https://kr.indeed.com/viewjob?jk=40de6a4b81f8724f,[전문연구요원 신규편입/전직] 의료영상/음성인식/생체신호 연구원,서울 서초구,,인공지능)>텍스트마이닝|인터넷·IT·통신·모바일·게임>빅데이터·AI(인공지능)>인공지능(AI)|인터넷·IT·통신·모바일·게임>빅데이터·AI(인공지능)> Python|인터넷·IT·통신·모바일·게임>빅데이터·AI(인공지능)>딥러닝
https://kr.indeed.com/viewjob?jk=cb538d9d36ab9de5,Vocational Training Program Intern (Developer/Researcher Rol...,서울,,"one or more programming languages (e.g. C, C++, Python, JavaScript, Typescript, etc.) Intermediate communication skills..."
https://kr.indeed.com/viewjob?jk=1dedaea6ae5d1d34,[TmaxAI/R&D] AI 로보어드바이저 개발자,성남 분당구,,"기졸업자 또는 22년 8월 졸업 예정자 -금융공학을 포함한 금융 관련 분야 전공자 혹은 유관 능력 보유자 - Python, numpy, pandas 사용 경험 우대사항 -컴퓨터 및 전산관련 전공 -금융권 경력 3년 이상이거나..."
https://kr.indeed.com/viewjob?jk=016de9bb83a8032d,JR0186078 AI Research Engineer Intern,서울,,"architectures, and optimization strategiesProgramming skills with Python/C++Experience working with one or more deep learning..."
https://kr.indeed.com/viewjob?jk=42d49f48c843544d,2022년 1월 경력사원 (제조지능화),청주 오창읍,,"경험 - 빅데이터/AI 경험(R, Python, SAS 등 분석 Tool... 구축 및 거버넌스 수립 - 분석솔루션(Spotfire, SAS, R, Python) 전파 필수사항 - 관련 업무 경력 5년 이상 - 분석 시스템 구축..."
https://kr.indeed.com/viewjob?jk=8cc372a6b78679b1,"인공지능(AI), Python(응용프로그램 개발자) 외 신입/경력 정규직",서울 성북구,"연봉 25,000,000원 - 30,000,000원","(주)쿠노소프트 인공지능(AI), Python 외 신입/경력 정규직 채용... 래머>인공지능(AI)|인터넷·IT·통신·모바일·게임>응용프로그래머> Python|인터넷·IT·통신·모바일·게임>응용프로그래머>Visual C++(MFC..."
https://kr.indeed.com/viewjob?jk=4b1765c4f3ce8631,Data Scientist,대한민국,,"language ( Python, R, Java, etc... oriented analytics Confident user of ML/DL python packages including Scikit-learn..."
https://kr.indeed.com/viewjob?jk=dbe3257e487e5814,[AI/Lab] AI 백엔드 엔지니어 (전문연구요원 가능),서울,,"플랫폼 및 시스템 구축 이런 분을 찾습니다 주도적으로 문제를 찾고, 해결할 수 있는 능력을 보유하신 분 Python 사용 경험이 있으신 분 다음 항목 중 두 가지 이상에 해당되는 분 AWS 혹은 GCP와 같은 클라우드 플랫폼..."
https://kr.indeed.com/viewjob?jk=0c1f3f58243b62ac,리눅스 배포판 개발 국내 대기업,대한민국,,"OS 배포판 제작 업무 - 리눅스 배포판 관련 소스 분석 - C , Python 등을 이용하여 소스 분석 및 수정 - 빌드 시스템 및 버그질라 시스템... 배포판 관련 소스 분석 - C , Python 등을 이용하여 소스 분석 및..."
https://kr.indeed.com/viewjob?jk=35f0a25dee5f3312,딥러닝 알고리즘 및 응용 Engineer,성남 분당구,"연봉 40,000,000원 - 100,000,000원",모바일·게임>빅데이터·AI(인공지능)>인공지능(AI)|인터넷·IT·통신·모바일·게임>빅데이터·AI(인공지능)> Python|인터넷·IT·통신·모바일·게임>빅데이터·AI(인공지능)>머신러닝|인터넷·IT·통신·모바일·게임>빅데이터...
https://kr.indeed.com/viewjob?jk=9f1b3a55c974207a,Teacher / Instructor,서울 강남구,"월급 2,400,000원 - 3,300,000원","Cultures... Computer Science (Programming Languages--e.g., Python, C/C++, etc. ) Fine Arts Other Elective Courses Full..."
https://kr.indeed.com/viewjob?jk=aee1c996cddcbb2e,AI Research Engineer,서울,,"PyTorch, and Caffe Strong programming skills with C/C++ and Python Experiences in programming and testing on Linux..."
https://kr.indeed.com/viewjob?jk=53fbfe54f327d9dc,AI Software Engineer,경기도 성남,,"TensorFlow 5+ years of programming experience in Python, C/C++ and MATLAB Experience working with other developers using Git..."
https://kr.indeed.com/viewjob?jk=74ef43a1bda57e7d,Data Analyst - Korea,서울 강남구,,probabilities Comfortable with SQL and Excel; experience with R/ Python is a plus. Experience working with data visualization...
https://kr.indeed.com/viewjob?jk=112566541738ad42,Software Developer 3,대한민국,,"Experience task automation in scripting languages like shell, Python, JavaScript, TypeScript Boat load of passion & energy..."
https://kr.indeed.com/viewjob?jk=ec5c7ccd76639120,[외국계 스타트업 미소] Data Analyst,서울,,통신·모바일·게임>빅데이터·AI(인공지능)>데이터분석|인터넷·IT·통신·모바일·게임>빅데이터·AI(인공지능)> Python|인터넷·IT·통신·모바일·게임>데이터베이스·DBA>MySQL|인터넷·IT·통신·모바일·게임>데이터베이스...
https://kr.indeed.com/viewjob?jk=18b288e9021d899f,NAVER IDC 서버 운영/관리,춘천 동면,,"가상화 개념과 서버 OS(Linux, Windows)에 경험이 있으신 분 - Shell script나 Python 등 관련 지식을 보유하신 분 - 데이터센터(IDC) 이해와 운영에 관심이 있으신 분 - 교대근무가 가능하..."
https://kr.indeed.com/viewjob?jk=25d823b03a3113d5,Sr. Application Engineer - AMS,경기도 성남,,"plus Proficiency in Linux shell scripting, Tcl, and Python programming is a plus Proven ability to map simulator capabilities..."
https://kr.indeed.com/viewjob?jk=3cd339cf8959f44d,생명정보학 부문 박사졸 선임연구원 정규직 정규직,서울 서대문구,"연봉 50,000,000원 - 60,000,000원","- Python or R 활용가능 -Linux terminal 능숙 -생물학... 생명정보학, 생물정보학-외국어: 영어 회화가능,독해가능,작문가능- Python or R 활용가능- Linux terminal 능숙- 생물학 기초 수강..."
https://kr.indeed.com/viewjob?jk=613e8260c0a33e9d,[NAVER Cloud] 빅데이터 분석 플랫폼 엔지니어,성남 분당구,,게임>응용프로그래머>JAVA|인터넷·IT·통신·모바일·게임>응용프로그래머> Python|인터넷·IT·통신·모바일·게임>빅데이터·AI(인공지능)> Python|인터넷·IT·통신·모바일·게임>빅데이터·AI(인공지능)>빅데이터|인터넷...
https://kr.indeed.com/viewjob?jk=88081c9ac030e577,데이터 엔지니어,서울 서초구,,높고 확장 가능한 데이터 아키텍처를 설계해요 이런 분을 찾고 있어요 Python / Java / Scala / Kotlin / Go 등 최소한 하나... 통신·모바일·게임>응용프로그래머> Python|인터넷·IT·통신·모바일·게임...
https://kr.indeed.com/viewjob?jk=3d1690b2dd2249f8,"[K디지털 트레이닝] 전액 국비지원 IT취업연계 교육 빅데이터, 인공지능",서울 마포구,,개발전문과정 인터넷·IT·통신·모바일·게임>웹프로그래머>JAVA|인터넷·IT·통신·모바일·게임>웹프로그래머> Python|인터넷·IT·통신·모바일·게임>빅데이터·AI(인공지능)>빅데이터|인터넷·IT·통신·모바일·게임>빅데이터...
https://kr.indeed.com/viewjob?jk=4a89e6bdb3a741aa,C++ Developer for High Performance Cloud Database,서울,,"C++ Experience in multi-thread programming Experience in SQL, Python, Git Experienced... development on Linux environment..."
https://kr.indeed.com/viewjob?jk=cb354ead5b38ff94,Data Scientist,성남 분당구,,인공지능)> Python|인터넷·IT·통신·모바일·게임>빅데이터·AI(인공지능)>딥러닝|인터넷·IT·통신·모바일·게임>빅데이터·AI(인공지능)>빅데이터|인터넷·IT·통신·모바일·게임>응용프로그래머> Python|인터넷·IT·통신...
https://kr.indeed.com/viewjob?jk=da5ecac5babd7673,[콴텍투자자문]전략개발팀 퀀트전략개발 팀원,대한민국,,"및 주요업무 - Python 개발, Quant 전략개발팀 0명 - 금융데이터 분석 및 금융 상품 알고리즘 개발 - 통계분석기법을 활용한 빅데이터(경제지표/재무/가격데이터 등) 분석 ② 필수조건 - Python 프로그래밍 언어..."
https://kr.indeed.com/viewjob?jk=a2b34d4b943e564a,한국여성공학기술인협회 이공계 여성 R&D기반 예비창업 기초교육,서울 강남구,,통신·모바일·게임>빅데이터·AI(인공지능)>데이터분석|인터넷·IT·통신·모바일·게임>빅데이터·AI(인공지능)> Python|인터넷·IT·통신·모바일·게임>빅데이터·AI(인공지능)>머신러닝|인터넷·IT·통신·모바일·게임>빅데이터...
https://kr.indeed.com/viewjob?jk=192c20f6f0f64ab3,[2022 전문연구요원] AI R&D - Language AI,성남 판교역,,"기술을 서비스에 적용하기 위한 MLOps 플랫폼을 개발합니다. 지원자격 학력 : 석사 이상 필수조건 - Python, Java등 한 가지 이상의 컴퓨터 프로그래밍 언어를 활용할 수 있으신 분 - 머신러닝/딥러닝 기술에 대한..."
https://kr.indeed.com/viewjob?jk=45ef50c3481fd92f,[신용리스크모델링 Intern] 개인 신용평가모형 개발 및 운영직(채용 연계형),성남 삼평동,,"Learning을 비롯한 최신 통계모형을 활용하여 신용평가모형을 개발하고 운영합니다. SAS, SQL, Python, R 등을 활용한 데이터 분석 능력이 필요하며, 데이터 분석 대회에서 입상한 분, 통계/수학/산업공학/상경계..."
https://kr.indeed.com/viewjob?jk=031eec3794f09645,데이터 서비스/플랫폼 개발,성남 판교역,,"데이터 수집, 처리 및 지표 분석 경험 - 데이터 기반의 문제해결 역량 및 논리적 사고 - Java, Python, Scala 중 최소 1가지 언어를 이용한 데이터 분석 및 소프트웨어 개발 역량 - 통계분석, ML/AI..."
https://kr.indeed.com/viewjob?jk=b6d169aa029a45a6,[강남/스타트업] 에이스랩 자율주행 엔지니어,서울 강남구,,"공학 등 관련학사혹은 상응하는 지식- 프로그래밍 능력 (C/C++, python, etc)자세한 업무 및 자격 요건은 자사 홈페이지에서 확인 00 명... 통신·모바일·게임>응용프로그래머> Python|인터넷·IT·통신·모바일·게임..."
https://kr.indeed.com/viewjob?jk=fb8f5764cdbe3c39,"Customer Solutions Engineer, Global Client and Agency Soluti...",서울,,"general purpose programming language (e.g., Java, C/C++, Python). Ability to speak and write in English and Korean fluently..."
https://kr.indeed.com/viewjob?jk=b96f47b94d8b88a4,Data Scientist 신입 채용,서울 역삼동,,"우순순위에 따른 다양한 모델 개발(ex: 수요예측, 추천/랭킹시스템, 가격최적화) 자격요건 • R/ Python 기반 로그성 데이터 분석과 모델 개발 경험이 있으신 분 • 통계학, 머신러닝 관련 내용을 이해하고 활용가능..."
https://kr.indeed.com/viewjob?jk=37ec2435e7cbff07,Sr. Application Engineer - AMS,경기도 성남,,"plus Proficiency in Linux shell scripting, Tcl, and Python programming is a plus Proven ability to map simulator capabilities..."
https://kr.indeed.com/viewjob?jk=b6eea437d4af95fd,[더블유게임즈 자회사] 기획/디자인/개발/데이터분석,서울 강남구,,터넷·IT·통신·모바일·게임>응용프로그래머>JAVA|인터넷·IT·통신·모바일·게임>응용프로그래머>C#|인터넷·IT·통신·모바일·게임>응용프로그래머>Objective-C|인터넷·IT·통신·모바일·게임>응용프로그래머> Python
https://kr.indeed.com/viewjob?jk=0ff2c43b1e2621a5,PharmCADD 2021년 상반기 R&D센터 연구원 공개,서울 강남구,,통신·모바일·게임>빅데이터·AI(인공지능)>딥러닝|인터넷·IT·통신·모바일·게임>빅데이터·AI(인공지능)> Python|인터넷·IT·통신·모바일·게임>빅데이터·AI(인공지능)>데이터분석|인터넷·IT·통신·모바일·게임>빅데이터...
https://kr.indeed.com/viewjob?jk=6cfffc13b8a012c3,Product Test Engineer,서울,,"Knowledge of Compute Language in either C++/C or VB, Python is preferred.. Good command of oral and written English. Good..."
https://kr.indeed.com/viewjob?jk=aa2836bca0adca28,Business Analyst,서울,,"engineering related research. • Broad working knowledge of Python, Excel (inc. automation skills), Relational DBs, SQL..."
https://kr.indeed.com/viewjob?jk=8111c2d5817c3e0e,인공지능 (AI) 딥러닝 연구 개발자,서울 마포구,"연봉 30,000,000원 - 35,000,000원","초지식 및 경험자3. Python 및 Tensorflow, Pytorch, linux 사용 경험자4. Numpy, Pandas, librosa, ffmpeg, Dlib, OpenCV (for Python) 관련 경험 존재 5..."
https://kr.indeed.com/viewjob?jk=ab58a5f77dd9c9c8,[NAVER Cloud] 빅데이터 분석 플랫폼 개발,성남 분당구,,빅데이터|인터넷·IT·통신·모바일·게임>빅데이터·AI(인공지능)> Python|인터넷·IT·통신·모바일·게임>ERP·시스템분석·설계>빅데이터|인터넷... 로그래머>JAVA|인터넷·IT·통신·모바일·게임>응용프로그래머> Python
https://kr.indeed.com/viewjob?jk=df21e3bb5d773616,Python Programmer,서울 서초구,,개발 – JAVA 프로그래밍(라이브러리 활용) – Spring 프레임 워크 개발 – Python API 프로그래밍 우대사항 – Python 개발 경험 – Open Source 라이브러리 개발경험 – Web 표준에 대한 경험...
https://kr.indeed.com/viewjob?jk=21598fa78d383d6f,[Search팀] 백엔드 개발자,서울 강남구,,바탕 인터넷·IT·통신·모바일·게임>웹프로그래머>백엔드|인터넷·IT·통신·모바일·게임>응용프로그래머>JAVA|인터넷·IT·통신·모바일·게임>응용프로그래머> Python|인터넷·IT·통신·모바일·게임>응용프로그래머>C·C++
https://kr.indeed.com/viewjob?jk=67b36859e9bd0d7c,알고리즘/퀀트 전략 개발자,대한민국,,같은 경험이 있는 분을 우대합니다. ㆍ금융기관에서 알고리즘 혹은 퀀트 투자 관련 경력 (2년 이상) ㆍ Python을 활용한 업무 혹은 논문 작업 경험 ㆍ개별 주식 모델 혹은 자산 배분 모델 구축 경험 ㆍ프로젝트 기반 협업...
https://kr.indeed.com/viewjob?jk=9144817ca6d5abb5,[경기지역 우수중소기업 온라인 박람회],성남 분당구,,인터넷·IT·통신·모바일·게임>응용프로그래머>JAVA|인터넷·IT·통신·모바일·게임>응용프로그래머>C#|인터넷·IT·통신·모바일·게임>응용프로그래머>인공지능(AI)|인터넷·IT·통신·모바일·게임>응용프로그래머> Python
https://kr.indeed.com/viewjob?jk=6825074ac2d6f4ad,[INEEJI 인공지능연구소] AI 예측 전문기업 개발팀원,성남 분당구,,INEEJI 인공지능연구소] 예측 서비스 AI엔지니어 모집(경력)- 인공지능기반 시계열 예측 서비스 개발( Python/TensorFlow등 기반)[근무부서 및 직급/직책]근무부서: 인공지능연구소직급/직책: 사원 [자격요건...
https://kr.indeed.com/viewjob?jk=78e99625e5de3c95,전문연구요원 (병역특례) 수시 (AI / HW 분야),성남 분당구,"연봉 40,000,000원 - 100,000,000원","모델의 RTL IP 설계 및 IP 검증 가능자 - Language: Python/Perl, C/C++ [우대 조건] - ARM based SoC 설계... Linux, shell, tcl, python, perl 사용 원활..."
https://kr.indeed.com/viewjob?jk=6a056c1771ae56b8,Data Engineer & Scientist,서울 영등포구,,"리즘에 대한 깊은 이해 - Data integrity, data governance 에 대한 이해 - Python Data & Analytics 라이브러리 경험 (NLTK, Spacy, Scikit-Learn, PyTorch..."
https://kr.indeed.com/viewjob?jk=ea87946886c8b0ad,Customer Solutions Engineer globalClient and AgencySolutions,서울 강남구,,"general purpose programming language (e.g., Java, C/C++, Python).Ability to speak and write in English and Korean fluently..."
https://kr.indeed.com/viewjob?jk=8af26b37623864c4,8퍼센트 개발자 (신입/경력),서울 종로구,,개발 금융 데이터 분석과 분석 플랫폼 운영 자격요건 컴퓨터 전공자 또는 웹 개발 경력 1년 이상 우대사항 Python 코드를 무리 없이 읽으실 수 있는 분 Linux/Mac 사용 가능한 분 새로운 기술에 대한 호기심을 가지신...
https://kr.indeed.com/viewjob?jk=b14fdb9121c0a3f4,2021년 이공계 전문여성 아카데미 인턴십() 참여기업,서울 강남구,,통신·모바일·게임>빅데이터·AI(인공지능)>데이터분석|인터넷·IT·통신·모바일·게임>빅데이터·AI(인공지능)> Python|인터넷·IT·통신·모바일·게임>빅데이터·AI(인공지능)>머신러닝|인터넷·IT·통신·모바일·게임>빅데이터...
https://kr.indeed.com/viewjob?jk=55a19c92c845685e,Developer / Designer recruit,서울 논현동,,"language (i.e Python, Ruby, Java, .Net... High proficiency in Python... knowledge... least one Python web framework..."
https://kr.indeed.com/viewjob?jk=b4a7ac21faba2e67,검색 인프라 엔지니어,서울 서초구,,"분을 찾고 있어요 널리 쓰이는 프로그래밍 언어(Golang, java, python, c++, javascript 등) 한 가지 이상에 능숙하신 분... 통신·모바일·게임>응용프로그래머> Python|인터넷·IT·통신·모바일·게임..."
https://kr.indeed.com/viewjob?jk=553555c337864afb,티맵모빌리티 비즈니스 데이터 분석가,서울특별시,,"경험이 있으신 분 문제해결을 위한 가설 수립 및 검증이 가능하고, 이를 논리적으로 설명 가능하신 분 Python, SQL을 활용한 데이터 추출 및 가공이 가능하신 분 데이터 분석 결과를 가지고 팀원들과 소통하는 것을..."
https://kr.indeed.com/viewjob?jk=a692f83229bd339f,Datacenter Engineer,서울,,"Base Operating System Install • Some experience with Perl, Python, Bash or Java • Core OS Services: ssh, telnet, ftp, nfs..."
https://kr.indeed.com/viewjob?jk=9f1b3a55c974207a,Teacher / Instructor,서울 강남구,"월급 2,400,000원 - 3,300,000원","Cultures... Computer Science (Programming Languages--e.g., Python, C/C++, etc. ) Fine Arts Other Elective Courses Full..."
https://kr.indeed.com/viewjob?jk=c0574107a4de85c1,로데슈바르즈코리아 연구소 개발자,서울 강남구,,"소프트웨어 개발 혹은 시스템 통합 경험을 보유하신 분으로 경력 1년 ~ 3년ㆍ프로그래밍 언어 C/C++, Pythonㆍ적극적으로 동료들과 소통하고 책임감이 있는 분ㆍ새로운 기술 습득에 열정이 있으신 분ㆍ비지니스 수준의 영어..."
https://kr.indeed.com/viewjob?jk=bbbfbb33164df0e3,"Junior Software Engineer, Server Platform",서울,,"프라 위에 안정적이고 효율적인 서비스 설계 및 구축 핵심 자격요건 Python, Java, Kotlin, Go, C++ 등 서버 사이드 프로그래밍... Understanding of Python, Java, and Event..."
https://kr.indeed.com/viewjob?jk=d6f30962332942d8,2021년 하반기 수시채용,성남 삼평동,,"Language 필수, Python 가능 - Image Processing... 설계, System-Verilog 및 UVM 설계 - C/C++, Python 가능, Timing report 분석 가능(DC, PT) 0명 판교..."
https://kr.indeed.com/viewjob?jk=930c3d44b6370d65,[SNOW] 렌더링 엔진 개발자,서울,,"팩토링, 디자인 패턴, ReactiveX 활용 경험 - Java, Swift(Objective C), Lua, Python 등 다양한 언어 경험 - Computer Graphics 이해 - Image Processing 이해..."
https://kr.indeed.com/viewjob?jk=d3d33eafc5f2c0ac,Data scientist 직무 경력직,서울특별시,,"설계 / 검증 - 관련 직무 경력 5년 이상 ㆍ역량 요건 - 데이터마이닝 및 분석 기술/SQ,L, R, Python 등 활용 능력 보유 - AI / ML 이해 및 관련 라이브러리 활용, 알고리즘 개발 역량 보유 - Big..."
https://kr.indeed.com/viewjob?jk=9fa5c5a0d7d9d385,[NAVER Z] 3D 리거,성남 분당구,,"하고, 열린 자세로 업무에 임하실 수 있는 분이 필요합니다.우대사항- Python 등 스크립트 작업이 가능하신 분을 선호합니다.-Unity 경험이 있으... 디자인>3D스캐닝|인터넷·IT·통신·모바일·게임>응용프로그래머> Python"
https://kr.indeed.com/viewjob?jk=ef83fe4e6441cae1,Data Scientist (IBM Client Engineering),서울,,"derive meaningful data insights (e.g., Python, R, Spark, TensorFlow, Jupyter, etc... language... Python or R Preferred..."
https://kr.indeed.com/viewjob?jk=9193b9de45a0ac1c,Embedded Software Engineer - Connected,경기도 성남,,"skills with C, C++ and other script languages (i.e. python etc..) Strong knowledge... IOT devices communication protocols..."
https://kr.indeed.com/viewjob?jk=da9fa7139144081b,[클라우드플랫폼실] System Engineering팀 클라우드 엔지니어,서울 강남구,,라우드|인터넷·IT·통신·모바일·게임>응용프로그래머>Linux|인터넷·IT·통신·모바일·게임>응용프로그래머> Python|인터넷·IT·통신·모바일·게임>통신·모바일>플랫폼(VM)|인터넷·IT·통신·모바일·게임>ERP·시스템분석...
https://kr.indeed.com/viewjob?jk=e30fe92d72ceb17c,"자율 주행, 로봇 SW 개발자",성남 수정구,,"(주)에바 모집부문 및 자격요건 모집부문 담당업무 자격요건 인원 자율주행 SW 엔지니어 Python응용SW [담당업무]ROS 개발, 로봇 주행 알고리즘 개발, SW Optimization[근무부서 및 직급/직책]근무부서: 개발팀..."
https://kr.indeed.com/viewjob?jk=340fa2d2204cf879,"Cloud AI Engineer, Professional Services",서울,,"Experience writing software in one or more languages... Python, Scala, R... similar. Experience building machine..."
https://kr.indeed.com/viewjob?jk=116009dbf59211ed,퍼즐데이터 역량있는 데이터 분석가,서울 역삼동,,"데이터 마이닝 및 통계분석에 대한 전반적인 이해 3. 관련분야(산업공학, 통계 등) 전공 4. R or Python 사용 능력 * 이런 분은 더욱 좋아요. 1. 프로세스 마이닝 지식 보유자 2. 관련분야 대학원 전공 3..."
https://kr.indeed.com/viewjob?jk=30e17a7d8ce9d4d4,Software Engineer,서울,,"writing optimal code... least one stack (Java, Go, Ruby, Python) Ability to work collaboratively and cross-functionally..."
https://kr.indeed.com/viewjob?jk=3914b6f3e8f672ff,[IQVIA] Data Scientist (Clinical Plan Analyst/대리),서울 중구,,"an accurate country, site or enrollment strategy. [자격요건]• R/ Python/Pyspark 등의 programming language를 사용한 data 분석 경험 1년 이상의 경력자..."
https://kr.indeed.com/viewjob?jk=109c5533ffdaaa84,[DB금융투자] 2021년 하반기 신입사원 모집,서울 대치동,,"개선, 신규 서비스 기획 등 프로젝트 진행 전공 제한없음 ※ JAVA, Objective-C/Swift, Python 등 기술보유자 우대... 금융관련 자격증 보유자 우대 ※ 영어 능통자 우대 0명 서울 (여의도..."
https://kr.indeed.com/viewjob?jk=71c47ac87bb4087e,기술 인턴 인공지능 응용 연구/개발 인턴,서울 관악구,,"6개월) (협의) *모집 절차: 서류 à인터뷰(오프라인) *지원 자격: 프로그래밍 언어 활용 능력: Python, C, C++ 중 1가지 이상 데이터구조, 알고리즘 과목 이수 머신러닝과 딥러닝의 기본 개념 이해 머신러닝..."
https://kr.indeed.com/viewjob?jk=a8fa45ffec50d852,Developer - Cloud Infrastructure,서울,,Your tasks will include developing a python based scalable job execution platform... development with Python Experience...
https://kr.indeed.com/viewjob?jk=ea23e376c32ece8b,Data Scientist (KOREA),충청북도 청주,,"data visualization Experience using tools... SAS JMP, Python, Matlab, KNIME, and SIMCA Experience with developing..."
https://kr.indeed.com/viewjob?jk=4b30e0db0a1e62be,[TmaxAI/R&D] NLP(자연어음성)부문 연구원 및 관련 서비스 프론트 & 백엔드 개발자 신입 및 경력,성남 분당구,,"개발 경험이 있으신 분 [음성, 자연어처리] - 관련 분야의 연구 경험 / 기본 지식 보유자 - 기본적인 Python 프로그래밍이 가능하신 분 우대사항 [프론트] - UX 기획 및 개발 유경험자 - react 개발 유경험자..."
https://kr.indeed.com/viewjob?jk=6988f883283919fa,Data Scientist 채용,서울,,"빅 데이터 시스템(Hive, Map/Reduce, Hadoop, Spark, Gurobi 등) 경험 - Python, Pytorch 등 딥러닝 프레임워크 이해 및 개발 경험 우대사항 - IoT 기반 데이터 분석/인사이트..."
https://kr.indeed.com/viewjob?jk=07375dc4e800dfa9,추천 시스템 소프트웨어 엔지니어,성남 판교역,,"관련 업무 경험자 우대사항 운영체제, 네트워크, 컴파일러, 데이터베이스에 대한 이해가 깊으신 분 Python, C++, GPU 프로그래밍 숙련자 대용량/실시간 서비스 개발/운영 경험이 많으신 분 ICPC/TopCoder..."
https://kr.indeed.com/viewjob?jk=2d40cd148372df4d,Technical Support Engineer-Security,서울,,"Linux script-based development environments and tools (PERL, Python, Ruby, PhP, etc.) o Programming language (C++/C#) Please..."
https://kr.indeed.com/viewjob?jk=0a57a69a13126ff5,셀프 인테리어 위한 AI 플랫폼 서비스 개발자,성남 분당구,,이상의 python 또는 node.js실무 개발경험이 있는 분 -Restful API에 대한 이해와 실무경험이 있는 분 인터넷·IT·통신·모바일·게임>웹프로그래머>웹개발|인터넷·IT·통신·모바일·게임>웹프로그래머> Python...
https://kr.indeed.com/viewjob?jk=bfe0f5ac4f32ec89,추천 통계분석/데이터사이언티스트,성남 판교역,,"통계, 수학 관련 분야의 석사 또는 박사 학위 소지자 숙련된 데이터분석 능력 데이터 사이언스를 위한 언어( Python/R) 를 하나 이상 능숙하게 다룰 수 있으신 분 분석 결과를 설득력있게 전달할 수 있는 분 우대사항..."
https://kr.indeed.com/viewjob?jk=97062eda1e80d8ec,마케팅 데이터 분석가 영입,성남 백현동,,분 - SQL 등을 통해 복잡한 데이터 셋에서 원하는 데이터를 추출 및 가공할 수 있으신 분 - R 또는 Python을 활용하여 분석 및 결과 리포팅이 가능하신 분 - 분석을 통해 도출된 의견을 숫자 기반으로 논리적이고...
https://kr.indeed.com/viewjob?jk=5c69e47f2eab5cfa,한국전자금융(주) 하반기 각 부문 신입/경력 직원,서울 마포구,,통신·모바일·게임>웹프로그래머> Python|인터넷·IT·통신·모바일·게임... 인공지능)> Python|인터넷·IT·통신·모바일·게임>응용프로그래머>인공지능(AI)|인터넷·IT·통신·모바일·게임>응용프로그래머> Python|인터넷...
https://kr.indeed.com/viewjob?jk=f862c821b0734933,[NAVER Cloud] Media 서비스 개발,서울,,"다양한 개발 경험 또는 Go, Python, C/C++등을 이용한 플랫폼... 가능하신 분 - Java, Kotlin, Golang, C, C++, Python, node.js, typescript 등으로 작성된 코드 및 프레임..."
https://kr.indeed.com/viewjob?jk=e658236007117d98,Junior Business Analyst (Non-tech),서울,,"의와 체계적 사고체계를 갖추신 분 [우대 조건] 이커머스, 리테일, 물류 관련 도메인 경험을 보유하신 분 Python, R 등 기타 프로그램 언어 사용 경험을 보유하신 분 한국어 및 영어 모두 능숙한 커뮤니케이션이 가능하..."
https://kr.indeed.com/viewjob?jk=d7527395199fd664,Consulting Engineer (Full Time) - Korea,서울,,"experience in Linux and programming languages like Python, Java , JavaScript etc. • Strong communication and collaboration..."
https://kr.indeed.com/viewjob?jk=c9c00cea70ae8711,백엔드 플랫폼 개발 유지보수,경기도 성남,,"Phoenix DB 개발 유지 보수 [ 자격요건] - 경력 4년 이상이신 분 - PHP, Java, Python, Apache, Html5, MySQL Javascript, Linux 등 웹서비스 개발 지식과 경험이..."
https://kr.indeed.com/viewjob?jk=180dac6dbe6afaed,NHN Cloud 머신러닝 연구 및 개발,성남 판교역,,"C++, Java, Python [머신러닝 서비스 개발] Job... TensorFlow, PyTorch - C++, Java, Python 공통지원자격 - 병역필 혹은 면제로 해외여행에 결격 사유가 없는 자..."
https://kr.indeed.com/viewjob?jk=e0c985782b230f96,Senior Data Analyst,서울,,Looker and LookML will make you stand out from the crowd. Any experience with statistical toolkits... Python or R.
https://kr.indeed.com/viewjob?jk=152f62981bc4da6d,사물인터넷(IoT) 아두이노 개발 신입/경력 정규직,경기도 파주,,통신·모바일·게임>시스템프로그래머>임베디드(Embedded)|인터넷·IT·통신·모바일·게임>응용프로그래머> Python|인터넷·IT·통신·모바일·게임>소프트웨어·하드웨어>하드웨어|인터넷·IT·통신·모바일·게임>소프트웨어·하드웨...
https://kr.indeed.com/viewjob?jk=918468d6e12a17e8,네트워크 엔지니어링,성남 판교역,,"관리 도구 개발/운영 - 관련학과 졸업 후, 경력 3년 이상 - 리눅스 환경 개발 경력 2년 이상 - Python, Django, Javascript 관련 개발 경험 - CCNA 또는 JNCIA 이상의 자격증 보유..."
https://kr.indeed.com/viewjob?jk=733b814969bff5a7,Jr. Back-end Engineer (Python),서울 강남구,,"이런 분을 찾아요 2년 이상의 Python을 활용한 백엔드 개발 업무를 수행한 경험이 있으신 분 Django, Django Rest Framework, Flask 등의 Python web framework를 사용하여..."
https://kr.indeed.com/viewjob?jk=e1245aa589fe5e0d,[계약직] 모바일 게임 운영 및 컨텐츠 담당자 모집,성남 판교역,,"PT 제작 및 사업, 마케팅 피칭 경험 多 - 데이터 추출, 관리 및 가공을 통한 시각화 능력 (SQL / PYTHON / Excel VBA 가능자) 제출서류 게임 플레이 이력서(필수)(필수) 게임 플레이 리뷰(1개 게임..."
https://kr.indeed.com/viewjob?jk=06d133676285b02e,침해사고 대응 보안 담당자,성남 판교역,,"팩트 자동 수집 도구 개발 경험 - 아티팩트 분석 도구를 능숙하게 사용 가능하신 분 - C, Java, Python 등을 통한 업무 자동화 및 분석도구 개발 경험 - 기업 CERT 직무 수행 경험 - CVE 실무 경험..."
https://kr.indeed.com/viewjob?jk=3544467a7b64376f,[전문연구요원] 의료영상 리서치 엔지니어 정규직,서울 마포구,,"학력무관직무기술: VISUALC++, 응용프로그래밍, C·C++, Python, AI개발 2 명 근무조건 고용형태: 정규직(수습기간3개월)근무부서... 머신러닝(ML)|인터넷·IT·통신·모바일·게임>응용프로그래머> Python"
https://kr.indeed.com/viewjob?jk=4cd34228af5013fd,DGIST 2019년 제1차 계약직원 공개채용 공고,대구 현풍면,,"우수자(SPSS, R 등 통계패키지) 외국어(영어) 구사 능력 우수자 Programming(MATLAB, Python, C/C++ 등) 가능자 · 근무기간 : 2019.3.11.~2020.3.10. ※ 단, 재계약 평가에..."
https://kr.indeed.com/viewjob?jk=77fb5fefe9c40fe3,[NAVER Cloud] 네이버 클라우드 빅데이터플랫폼 상품 개발,성남 분당구,,"우드 빅데이터플랫폼 상품 개발 및 운영[지원자격/필요역량]- Back-End 개발 경력 2년 이상 - Java, Python,Go 중 한가지 언어를 능숙하게 사용할 수 있는 능력- Hadoop 및 Hadoop ecosystem..."
https://kr.indeed.com/viewjob?jk=0c32e6464cad3b0a,[카카오 클라우드]DBaaS(DataBase As A Service) 개발자 모집,성남 판교역,,"및 유지 보수 지원자격 필수 자격 협업을 우선 가치로 유연한 커뮤니케이션이 가능하신 분 golang, python 등으로 API 기반 서비스를 구현해본 경험이 있으신 분 서비스 요구 사항을 기능으로 구현할 수 있는 분..."
https://kr.indeed.com/viewjob?jk=89f3e10d77a126bf,Field Service Engineer Korea,경기도 용인,,"troubleshooting. Preferably to have coding capability (Matlab, Python...etc... data analysis, visualization, and algorithm..."
https://kr.indeed.com/viewjob?jk=e36b281df2933890,[위메프서비스] E-Commerce 데이터엔지니어/NLP개발자,대한민국,,"우리가 사용하는 기술] 개발언어: Python, Java 하둡인프라... 시스템 Hadoop 및 Spark 경험이 있으신 분 Java, Python 개발 능력을 보유하신 분(중급 이상) Hadoop Ecosystem..."
https://kr.indeed.com/viewjob?jk=119a763a71f6570d,경력 개발자,경상남도,,래머>백엔드|인터넷·IT·통신·모바일·게임>웹프로그래머>프론트엔드|인터넷·IT·통신·모바일·게임>웹프로그래머> Python|인터넷·IT·통신·모바일·게임>응용프로그래머>생체인식(바이오인식)|인터넷·IT·통신·모바일·게임>응용프...
https://kr.indeed.com/viewjob?jk=6a8791b32ddfb999,[웹젠] DBA(경력),성남 분당구,,있는 분 - DB 서버 모니터링 및 장애 대응 경험이 있는 분 - Python에 관심이 있고 경험이 있는 분 • 기타 - 수시채용은 공고 게시 중에도... 장애 대응 경험이 있는 분 - Python에 관심이 있고 경험이 있는 분...
https://kr.indeed.com/viewjob?jk=d193999bb6d038d4,Analog Design Engineer,서울,,"Modeling of solutions using tools... Python, Matlab, Simulink, and Spectre AMS... tools... Python, Matlab, Simulink..."
https://kr.indeed.com/viewjob?jk=bb63f2d3500f3921,차량SW 개발/품질 부문 경력,서울 강남구,,인터넷·IT·통신·모바일·게임>응용프로그래머>Android|인터넷·IT·통신·모바일·게임>응용프로그래머> Python|인터넷·IT·통신·모바일·게임>응용프로그래머>JAVA|인터넷·IT·통신·모바일·게임>응용프로그래머>C#|인터...
https://kr.indeed.com/viewjob?jk=fd17a3cfbebb5062,[(주) 넷사랑컴퓨터] 웹개발자 정규직,서울 광진구,,"익숙하신 분[우대사항]- PHP, RDBMS(Mysql,Oracle)- Python, Nodejs- 빅데이터 분석경험- 클라우드시스템 운영경험- 개발... 통신·모바일·게임>웹프로그래머> Python|인터넷·IT·통신·모바일·게임..."
https://kr.indeed.com/viewjob?jk=bc2cfdf048ebff69,AI LAB Data Analyst 대기업 식품회사,서울특별시,,"5년 필수 - 추천모델, 예측모델 또는 Vision AI 모델링 경험이 있는 자 - Python, R, SQL 등 분석 언어 숙련자( Python 프로그래밍 능력 필수) - 논리적이고 분석적인 사고력을 갖추고 데이터 통합 및..."
https://kr.indeed.com/viewjob?jk=abe4af79acb6ec37,Data Engineer (Analytics),서울,,"있어야 합니다. - 현업의 복잡한 데이터를 정리하여 단순화, 자동화한 경험이 있어야 합니다. - SQL상급, Python중급 정도의 기술역량을 기대합니다. - 적극적이고 효율적인 커뮤니케이션이 가능해야 합니다. 이런 경험이..."
https://kr.indeed.com/viewjob?jk=56523d2ce6f8d860,NHN Cloud 인프라 서비스 개발,성남 판교역,,우대사항 - NHN Cloud에서 제공하는 다양한 인프라 서비스 개발 - C/C++ 또는 Java/ Python 개발 경력 5년 이상 - Linux 환경 개발자 - Openstack 개발 경험 - Container...
https://kr.indeed.com/viewjob?jk=f04e759ab4de87e3,Product Engineer - Fab Analytics,경기도 성남,,"working as process, integration or yield engineer. Python programming languages. UNIX/Linux operating systems is required..."
https://kr.indeed.com/viewjob?jk=c584e6373cfe8d42,Principal Field Service Specialist,대한민국,,"Experience with Linux/Unix scripting, C++, Java, Perl, Python, Sybase... SQL. - Experience with Linux/Unix tools, YUM..."
https://kr.indeed.com/viewjob?jk=c25ce54b919602dc,Sr. Corporate Application Engineer – Calibre DS,경기도 성남,,"Linux OS, and previous experience with scripting or Tcl/ Python/Perl programming preferred Familiar with Siemens EDA’s Calibre..."
https://kr.indeed.com/viewjob?jk=e3f3b7e2103d9bc7,"웹개발, 백엔드 외 신입/경력 정규직",서울 강남구,"연봉 40,000,000원 - 50,000,000원",로그래머>웹개발|인터넷·IT·통신·모바일·게임>웹프로그래머>백엔드|인터넷·IT·통신·모바일·게임>웹프로그래머>프론트엔드|인터넷·IT·통신·모바일·게임>웹프로그래머> Python|인터넷·IT·통신·모바일·게임>웹프로그래머>PHP
https://kr.indeed.com/viewjob?jk=53f8e8ae0a381900,Shield Data Scientist,대한민국,,분 ML 기반의 Outlier(Anomaly) 검출 경험이 있으신 분 GIT 기반으로 협업이 익숙하신 분 Python에 능숙하신 분 해외 출장 및 근무에 결격 사유 없으신 분 우대사항 데이터를 위한 도구 사용 경험이 있으신...
https://kr.indeed.com/viewjob?jk=e67716c26d372980,TeraVM Field Applications Engineer,서울,,"Hands on experience in using Linux scripting languages ( Python, Perl, tshark, etc) Experience in working with Virtualisation..."
https://kr.indeed.com/viewjob?jk=4adac8923476d038,프랭클린템플턴투신운용 Junior Trader (Quant base 필수),대한민국,,"object-oriented programming and intermediate programming proficiency in Python, R or MATLAB, and SQL are essential. Licenses..."
https://kr.indeed.com/viewjob?jk=3e7b756ca8ec169f,가상화 엔지니어 정규직,서울 서초구,"연봉 40,000,000원 - 50,000,000원",DM/NV 등) 우대사항 1) 정보처리산업기사 이상의 자격을 보유하신 분 2) PowerShell/Bash/ Python 등 System Script 경험이 있는 분 기타정보 1) 삼성전자 반도체 사업장 VMware 가상화...
https://kr.indeed.com/viewjob?jk=aac8e9355cb855ac,[인재풀] 아티스트,서울,,Maya or 3D Max등의 아트웍 툴 사용 경험 Max script 또는 Mel Script의 사용 경험 C# 또는 Python 언어에 대한 이해 및 활용 능력 아트웍 관련 툴 제작 또는 플러그인 제작 경험
https://kr.indeed.com/viewjob?jk=e01c02615f0268fa,"Software Engineer, Data Platform",서울,,"learning products in Python, Java, Scala... several programming languages... Python, Java, or Scala Strong analytic skills..."
https://kr.indeed.com/viewjob?jk=1515388586ff5498,4년제 대졸 취업연계과정(ICT·바이오·응용SW분야/전공무관/취업률100),성남 분당구,,게임>빅데이터·AI(인공지능)> Python|인터넷·IT·통신·모바일·게임... 로그래머>머신러닝(ML)|인터넷·IT·통신·모바일·게임>응용프로그래머> Python|인터넷·IT·통신·모바일·게임>응용프로그래머>증강현실(AR)|인터넷...
https://kr.indeed.com/viewjob?jk=bb7e150aefb54f84,Data Scientist,서울 서초구,,통신·모바일·게임>빅데이터·AI(인공지능)>데이터분석|인터넷·IT·통신·모바일·게임>빅데이터·AI(인공지능)> Python|인터넷·IT·통신·모바일·게임>빅데이터·AI(인공지능)>머신러닝|인터넷·IT·통신·모바일·게임>빅데이터...
https://kr.indeed.com/viewjob?jk=8c32b5db8ab28c7d,"[광고 추천] 데이터 과학자, 기계학습(머신러닝) 전문가 모집",성남 판교역,,"학습(머신러닝), 딥러닝에 관한 지식과 경험이 풍부한 분 하나 이상의 프로그래밍 언어에 능통한 분 (예, Python, R, Java, Scala, C/C++, Golang 등) 단, 주니어는 기계학습 기초 지식과 개발 역량..."
https://kr.indeed.com/viewjob?jk=21ba056946e5abdf,"Solutions Architect - AMAZON Web Services, Korea",서울,,"languages... Ruby, Python and Node... 현대 개발 언어에 대한 실무적 지식: 루비 (Ruby), 파이썬 ( Python), Node.js 등 · 개발자 및 IT 운영자 대상의 신기술 전파에..."
https://kr.indeed.com/viewjob?jk=c73d603881ba3d48,"Software Engineer, Platforms & Ecosystems, Android Auto",서울,,"more programming languages: Java, C/C++, C#, Objective C, Python, JavaScript, or Go. Interest and ability to learn other..."
https://kr.indeed.com/viewjob?jk=8bc241cff9ba690a,[연구개발 부문] 연구원 (MCU 계측제어설계/머신비전/이미지프로세싱),경기도 광명,"연봉 42,000,000원 - 46,000,000원","프로그래밍 가능자 우대S/W 설계 부문 : - OPEN CV, TENSORFLOW, YOLO, CUDA/ Python, C++, C WindowsGUL APL, MFC Lib 활용 가능자. 머신비전/ 영상처리 개발자* 전기..."
https://kr.indeed.com/viewjob?jk=9f1b3a55c974207a,Teacher / Instructor,서울 강남구,"월급 2,400,000원 - 3,300,000원","Cultures... Computer Science (Programming Languages--e.g., Python, C/C++, etc. ) Fine Arts Other Elective Courses Full..."
https://kr.indeed.com/viewjob?jk=a3b3aefaa5b24791,[신사업] 백엔드 엔지니어 (전문연구요원 가능),서울,,"5년 이상 있으신 분 컨테이너 기반 환경의 서비스 구축 경험이 있으신 분 Flask, FastAPI 등 Python 기반 웹어플리케이션 서버 개발 경험이 있으신 분 RDBMS 또는 Elasticsearch 를 활용한 시스템..."
https://kr.indeed.com/viewjob?jk=25725b3c0e607311,Junior Quant Trader,서울,,background is a plus Programming capability is mandatory (i.e. Python) Understanding of machine learning algorithm is a plus...
https://kr.indeed.com/viewjob?jk=75854c8c44dabea5,[신규프로젝트] 차세대 콘솔 TA 모집,성남 판교역,,Shader 제작 Skill - 프로젝트 개발 전반에 걸친 성능 분석(Profiling)Skill - Python등 개발언어 활용 능력 제출서류 포트폴리오 (필수) 전형단계 서류전형 1차 면접 NCTEST 2차 면접 처우협의...
https://kr.indeed.com/viewjob?jk=ad07d6a330fb619a,NHN Cloud 운영 및 기술지원,성남 판교역,,"Linux, Microsoft Solutions 등) - 2년 이상의 개발 경험 (Java, Python 등) - 기술 문서 작성 및 가이드 경험이 풍부한 자 - 대외 고객 기술 지원 경험 - Windows..."
https://kr.indeed.com/viewjob?jk=53f97fb4fe79e550,반도체 회로설계,성남 판교역,,"제공 • 참고사항 - Scripting and Automation ( Python, Tcl, Perl 등) 사용 가능자 우대 - 회로 설계툴 (EDA... 에 대한 이해 - C/C++, python, perl, tcl등 프로그래밍..."
https://kr.indeed.com/viewjob?jk=1874aaee481880be,클라우드 오퍼레이션 엔지니어,성남 판교역,,"Linux, Windows Server 트러블 슈팅 숙련자 - 2년 이상의 개발 경험자(PHP, Python 등) - 아래 기술 분야중 1개 이상의 풍부한 지식 및 운영 경험 보유자 (ElasticSearch..."
https://kr.indeed.com/viewjob?jk=6f1ae19dbf8171de,디지털/아날로그 신호처리 시스템 엔지니어 및 하드웨어 개발,경기도 하남,,이상[자격요건]Perl / C/ Python 등의 프로그램 코딩 가능자리눅... 로그래머> Python|인터넷·IT·통신·모바일·게임>웹프로그래머> Python|인터넷·IT·통신·모바일·게임>빅데이터·AI(인공지능)> Python|인터...
https://kr.indeed.com/viewjob?jk=d83fc0dd2641f483,전문연구요원 (병역특례) 수시 (AI / SW 분야),성남 분당구,"연봉 40,000,000원 - 100,000,000원",요구 능력] - ASM/C/C++/ Python 언어 코딩 기술 - 운영체제... 경험 - Windows/Linux 상에서 C++/ Python 언어 사용 개발 경험 - C++ / Python 언어 사용 개발 경험 - 객체지향 설계에...
https://kr.indeed.com/viewjob?jk=9bbfde6355ca2d7a,당근마켓 전 직군,서울 서초구,,C·C++|인터넷·IT·통신·모바일·게임>응용프로그래머>JAVA|인터넷·IT·통신·모바일·게임>응용프로그래머> Python|인터넷·IT·통신·모바일·게임>응용프로그래머>자바스크립트|인터넷·IT·통신·모바일·게임>응용프로그래머...
https://kr.indeed.com/viewjob?jk=d0bfed06b7f2edc8,2021년 4차 공개,서울 영등포구,,통신·모바일·게임>빅데이터·AI(인공지능)>데이터분석|인터넷·IT·통신·모바일·게임>빅데이터·AI(인공지능)> Python|인터넷·IT·통신·모바일·게임>빅데이터·AI(인공지능)>머신러닝|인터넷·IT·통신·모바일·게임>빅데이터...
https://kr.indeed.com/viewjob?jk=9f1b3a55c974207a,Teacher / Instructor,서울 강남구,"월급 2,400,000원 - 3,300,000원","Cultures... Computer Science (Programming Languages--e.g., Python, C/C++, etc. ) Fine Arts Other Elective Courses Full..."
https://kr.indeed.com/viewjob?jk=da9b34d987d05d7e,경력사원 공개,대한민국,,"이상, 경력 3년 이상 -전자/전기/컴퓨터 전공 우대 -C＋＋고급개발자(프로젝트 리드경험 보유) -기본적인 Python, 웹 앱 개발 경험자 -디자인패턴, 클린아키텍처에 숙련된 설계자 -Agile 방법론, SW 개발 조직..."
https://kr.indeed.com/viewjob?jk=842ba3860fb8aa0c,[금호타이어] 2021년 12월 수시,서울 종로구,,통신·모바일·게임>응용프로그래머> Python|인터넷·IT·통신·모바일·게임... 게임>웹프로그래머>웹개발|인터넷·IT·통신·모바일·게임>웹프로그래머> Python|재무·회계·경리>재무·자금·IR>자금|재무·회계·경리>재무·자금·IR...
https://kr.indeed.com/viewjob?jk=f2abe214044a2314,"딥러닝, 사업기획 신입/경력 정규직, 인턴",성남 수정구,,모바일·게임>빅데이터·AI(인공지능)>인공지능(AI)|인터넷·IT·통신·모바일·게임>빅데이터·AI(인공지능)> Python|인터넷·IT·통신·모바일·게임>빅데이터·AI(인공지능)>머신러닝|인터넷·IT·통신·모바일·게임>빅데이터...
https://kr.indeed.com/viewjob?jk=f4ec03cd95647453,AI Research Engineer Intern,서울,,optimization strategies - Programming skills with Python/C++ - Experience working with one or more deep learning frameworks...
https://kr.indeed.com/viewjob?jk=e05251e6eecfa255,5G R&D 소프트웨어 개발자,서울,,"Erlang, Java, Python Domain experience... 프로그래밍 언어: C, C++ (필수) / Erlang, Java, Python(우대) 기술 분야: 라디오 엑세스 네트워크, 5G NR, LTE..."
https://kr.indeed.com/viewjob?jk=12f3c94eaa1f8b78,Chip & Circut 분야 연계형 인턴,서울 서초구,,"자만 체크해주시기 바랍니다. 필요역량 - 소프트웨어 구조 설계 및 구현, 검증과 SW 코딩 역량 : C/C++/ Python/JAVA 프로그래밍 등 - 아날로그 회로 이해 및 반도체 설계 툴 사용, 음성/오디오 신호 처리 이해..."
https://kr.indeed.com/viewjob?jk=7143ba7b6c69f7a4,"2022년 상반기 딥러닝, 사업기획 신입/경력 정규직, 인턴",성남 수정구,,모바일·게임>빅데이터·AI(인공지능)>인공지능(AI)|인터넷·IT·통신·모바일·게임>빅데이터·AI(인공지능)> Python|인터넷·IT·통신·모바일·게임>빅데이터·AI(인공지능)>머신러닝|인터넷·IT·통신·모바일·게임>빅데이터...
https://kr.indeed.com/viewjob?jk=2fd29258ee9131c9,[에이아이스튜디오 연구소] PYTHON 어플리케이션 신입 개발자,서울 강남구,,인터넷·IT·통신·모바일·게임>응용프로그래머> Python|인터넷·IT·통신·모바일·게임>소프트웨어·하드웨어>소프트웨어|인터넷·IT·통신·모바일·게임>전산·IT기술지원>IT기술지원
https://kr.indeed.com/viewjob?jk=c793a3ef3425f495,빅데이터 분석 기술인력 (정규직),서울 강남구,,"담당업무]데이터 분석 분야 ( Python, R, SAS 기반의 DATA... BIG DATA 프로젝트 경험자, PL/PM 경력자 우대, R 또는 Python 활용가능한 경력자전공계열: 전산학, 컴퓨터공학, 수학, 응용소프트웨어..."
https://kr.indeed.com/viewjob?jk=063c109f9283ef14,2021 디지털 뉴딜·수출 중소기업 X 청년 일자리 엑스포,대한민국,,인터넷·IT·통신·모바일·게임>응용프로그래머>머신러닝(ML)|인터넷·IT·통신·모바일·게임>응용프로그래머> Python|인터넷·IT·통신·모바일·게임>응용프로그래머>인공지능(AI)|인터넷·IT·통신·모바일·게임>데이터베이스...
https://kr.indeed.com/viewjob?jk=049e047740085644,분당 kt 전산 프로그램 개발/운영 인력,성남 분당구,,수 있습니다. 인터넷·IT·통신·모바일·게임>웹프로그래머>JAVA|인터넷·IT·통신·모바일·게임>웹프로그래머> Python|인터넷·IT·통신·모바일·게임>웹프로그래머>JSP|인터넷·IT·통신·모바일·게임>데이터베이스·DBA...
https://kr.indeed.com/viewjob?jk=f54bac6c78fd3240,코딩에 빠진 수퍼 개발자 (펌웨어 개발),성남 수정구,,"학력무관직무기술: 펌웨어(Firmware), Embedded System S/W 개발(판교) c/c++, Python 3 명 근무조건 고용형태: 정규직근무부서: 개발팀급여조건: 연봉 협의 후 결정 전형단계 및 제출서류 전형단..."
https://kr.indeed.com/viewjob?jk=b6f149c5d6b60323,"Analyst - Environmental, Social and Governance (12 months co...",서울,,"ESG) Experience and training in data analytics tools like Python, Alteryx, Tableau, Excel or other analytical platforms..."
https://kr.indeed.com/viewjob?jk=45b22fa764b0dae9,"빅데이터, 인공지능(AI) 외 신입 인턴",서울 종로구,"월급 2,000,000원",AI(인공지능)>인공지능(AI)|인터넷·IT·통신·모바일·게임>빅데이터·AI(인공지능)>데이터분석|인터넷·IT·통신·모바일·게임>빅데이터·AI(인공지능)> Python|인터넷·IT·통신·모바일·게임>빅데이터·AI(인공지능)>R
https://kr.indeed.com/viewjob?jk=6774f2d0debb7f6f,위고블록체인연구소 연구원,서울 서초구,,"경력자-블록체인기반 디지털자산관련 앱및웹서비스개발-백엔드와 네트워킹 시스템개발 경험-백엔드: Rails,Go, Python,Rust,C/C++-프론트: Ruby,Javascript,Flutter-블록체인: Solidity[필수..."
https://kr.indeed.com/viewjob?jk=3d4e43b16bbb59cc,신입 및 경력사원,대한민국,,그래머>Ruby|인터넷·IT·통신·모바일·게임>웹프로그래머>프론트엔드|인터넷·IT·통신·모바일·게임>웹프로그래머> Python|인터넷·IT·통신·모바일·게임>웹프로그래머>ASP.NET|인터넷·IT·통신·모바일·게임>웹프로그래머...
https://kr.indeed.com/viewjob?jk=a0404cb8a5bd9d71,"[TmaxMetaverse/R&D] 게임 엔진, 게임 서버, 메타버스 스튜디오 개발자",성남 분당구,,"유경험자 - 리액트 기반 개발 유경험자 [주 사용 언어] - C++, C# - Java Script - Python - Spring, React - HTML [지원 시 참고 사항] - 기술, 경험, 지식 등이 상세히 담긴..."
https://kr.indeed.com/viewjob?jk=e5dfdd5145462c7c,[KSTEC] 통계/Analytics 신입 및 경력사원,성남 분당구,,"지능화 (의사결정 자동화) 시스템 개발 (SPSS, SAS, R, Python, Java 기반)2. 기업용 데이터과학 & 인공지능 플랫폼 솔루션3... 게임>빅데이터·AI(인공지능)> Python|인터넷·IT·통신·모바일·게임..."
https://kr.indeed.com/viewjob?jk=90f1d67c0768f6af,[수시 ] 개발 부문별 경력자,성남 분당구,,통신·모바일·게임>웹프로그래머> Python|인터넷·IT·통신·모바일·게임... 로그래머>머신러닝(ML)|인터넷·IT·통신·모바일·게임>응용프로그래머> Python|인터넷·IT·통신·모바일·게임>데이터베이스·DBA>MySQL|인터넷...
https://kr.indeed.com/viewjob?jk=bab0eaf4530c8380,2022년 1월 경력사원 (품질),청주 오창읍,,"경력 - 프로그래밍 언어(R, Python, Visual Basic 등... 년 이상 - Embedded SW 개발 (C, C++) 실무 경력 - Python 활용 Big Data 분석 및 수치 해석 경험 우대사항 - BMS..."
https://kr.indeed.com/viewjob?jk=44f16e94e3e6b589,"Staff Software Engineer, Maps & Navigation, Seoul, Korea",서울,,"industry Fluency in English Proficient in one of C++, Python Experience writing and shipping customer-facing code High..."
https://kr.indeed.com/viewjob?jk=413d20e82e567aff,모바일 게임 백엔드 프로그래머 신입/경력 정규직,서울 서초구,,"영어 독해 가능자 우대합니다. Python, Jave, Ruby, Go... 기술: 서버·네트워크개발, 백엔드개발기타: 영어 독해 가능자 우대합니다. Python, Jave, Ruby, Go, Node.Js , C# 중 한 가지..."
https://kr.indeed.com/viewjob?jk=872035f47cfd4850,자산운용팀 전략/리스크팀 퀀트(겨울방학 인턴),대한민국,,공자의 경우 관련 과목 12학점 이상 이수 - Microsoft 엑셀 능숙자 선택 사항 (평가 가산점) - Python 또는 VBA 등 코딩 Skill 보유 - 관련 업종에서 2개월 이상 인턴쉽 또는 근무 경력 보유 - 관련...
https://kr.indeed.com/viewjob?jk=b01ea7a6f3b38982,[NAVER Z] 데이터 엔지니어,성남 분당구,,"경력 3년 이상- Scala/Java/ Python, Spark, Kafka... 통신·모바일·게임>응용프로그래머> Python|인터넷·IT·통신·모바일·게임>빅데이터·AI(인공지능)> Python|인터넷·IT·통신·모바일·게임>빅데이..."
https://kr.indeed.com/viewjob?jk=2b9e604e63e7e46d,[카카오커머스] 기술직군,성남 분당구,,"우대사항 - 전자금융 감독규정, PCIDSS에 대한 실무 경험이나 이해도가 높으신 분 - JAVA, Python, shell script 등 개발 역량을 갖추신 분 - 웹/앱 취약점 진단 및 모의해킹 역량을 갖추신..."
https://kr.indeed.com/viewjob?jk=397a412559c606fa,"Charging Operations Specialist, APAC Charging (English Speak...",서울,,"Data science experience including coding/scripting skills ( Python/Ruby/JS/Perl... plus. Collaborative, team oriented..."
https://kr.indeed.com/viewjob?jk=78526735d90a85b9,"Machine Learning - iOS Software Engineer,",서울,,"computer vision Python libraries... programming skills with proficiency in Python, Flask, iOS Dev tools, and GitHub..."
https://kr.indeed.com/viewjob?jk=2642a83874ea6bab,"영상처리, 컴퓨터 비전 전문가 (신입/경력)",성남 수정구,"연봉 30,000,000원 - 35,000,000원","인원 [담당업무] Python, C++, MFC, C를 이용하여 - OpenCV 로 Visual SLAM 개발- MFC, Python을 이용하여 GUI... 통신·모바일·게임>응용프로그래머> Python|인터넷·IT·통신·모바일·게임..."
https://kr.indeed.com/viewjob?jk=3114c8908a94e330,[신입] 미래 인재 DB,서울 강남구,,"ㆍSW플랫폼 및 운영체제(Linux/RTOS 등) 이해ㆍ마이크로컨트롤러 활용 경험/지식[우대사항]ㆍJAVA/ Python 활용 역량ㆍ기능안전 ISO26262, A-SPICE 프로세스 이해ㆍHW 회로도 이해 및 분석 역량ㆍCAN..."
https://kr.indeed.com/viewjob?jk=6f9c4c57f821363e,[뉴플랫폼기술] 클라우드 개발자 - Kubernetes,성남 분당구,,"운영 경험이 1년 이상인 분· Cloud 환경에서 서비스 구축 및 운영 경험이 있는 분· Golang, Python, NodeJS, Java 중 하나이상 프로그래밍 언어에 익숙한 분 인터넷·IT·통신·모바일·게임>응용프로그래..."
https://kr.indeed.com/viewjob?jk=618033cdf5834ebf,[SNOW] 렌더링 엔진 개발자,성남 분당구,,"토링, 디자인 패턴, ReactiveX 활용 경험- Java, Swift(Objective C), Lua, Python 등 다양한 언어 경험- Computer Graphics 이해- Image Processing 이해 인터넷..."
https://kr.indeed.com/viewjob?jk=687061b05a915bf4,[플랫폼가속화] DX/EX 플랫폼 솔루션/시스템 엔지니어,성남 분당구,,인터넷·IT·통신·모바일·게임>통신·모바일>플랫폼(VM)|인터넷·IT·통신·모바일·게임>응용프로그래머>JAVA|인터넷·IT·통신·모바일·게임>응용프로그래머> Python|인터넷·IT·통신·모바일·게임>응용프로그래머>Linux
https://kr.indeed.com/viewjob?jk=c35e0100a6fa97dd,각 부문별,서울 강남구,,응용프로그래머>클라우드|인터넷·IT·통신·모바일·게임>응용프로그래머> Python|인터넷·IT·통신·모바일·게임>웹프로그래머>JAVA|인터넷·IT·통신... 게임>빅데이터·AI(인공지능)> Python|인터넷·IT·통신·모바일·게임...
https://kr.indeed.com/viewjob?jk=00de2b26815d022e,[웹젠] DBA(신입),성남 분당구,,로운 기술과 도전을 좋아하는 분 - Data에 대한 관심이 높은 분 - Python 프로그램 경험이 있는 분 • 기타 - 수시채용은 공고 게시 중에도... 에 대한 관심이 높은 분 - Python 프로그램 경험이 있는 분 • 기타...
https://kr.indeed.com/viewjob?jk=e7c8c2b11f24fb43,Software Engineer,서울,,"languages, including... limited to: C++, Java, C and Python. Excellent written and verbal communication skills. About..."
https://kr.indeed.com/viewjob?jk=5ea9ea023c6ccc03,"S/W 엔지니어, 데이터분석 신입/경력 정규직, 인턴",성남 분당구,,"케이션 제작 및 유지보수 업무- Python, Golang, QT 중 선택... 2. 시스템프로그래머- Python, Golang, QT 중 선택 가능3. 영상데이터 분석 및 모델링- python기반 영상데이터 분석 및 모델링..."
https://kr.indeed.com/viewjob?jk=e29bd57c416ee579,인재 Pool 등록,대한민국,,"5년 이상 (IT기획, 프로젝트 PM/PL, 개발경력 등) - 자격 : 컴퓨터 언어 활용능력 보유 (JAVA, PYTHON) : 데이터베이스(RDBMS) 활용능력 보유 - 우대사항 : IT 예산(HW,SW,인건비) 수립 경험..."
https://kr.indeed.com/viewjob?jk=c5c6ebe82bf299da,[전액무료] IT취업 JAVA기반 프론트엔드&백엔드 개발 국비교육생,서울 종로구,,통신·모바일·게임>웹프로그래머> Python|인터넷·IT·통신·모바일·게임... 데이터분석|인터넷·IT·통신·모바일·게임>빅데이터·AI(인공지능)> Python|인터넷·IT·통신·모바일·게임>빅데이터·AI(인공지능)>머신러닝|인터넷...
https://kr.indeed.com/viewjob?jk=3b0b25d7cdb97839,TikTok Content Strategy Manager,서울,,"skills in data analysis, being familiar with SQL, Python and other data processing tools is preferred. 3. Strong logical mind..."
https://kr.indeed.com/viewjob?jk=bd7907d1248e436d,[AI/LAB] 머신러닝 리서치 엔지니어 (전문연구요원 가능),서울,,찾습니다 논문을 빠르고 정확하게 이해하고 구현할 수 있으신 분 최신 딥러닝 기술 동향을 파악하고 계신 분 Python 사용 능력이 능숙하신 분 ※ 참고사항 : 해당 직군은 상세 경력기술서 제출이 필수입니다. 이런 분은 더욱...
https://kr.indeed.com/viewjob?jk=b3a6c83c9debcb92,네이버 파이낸셜 플랫폼 운영,성남 삼평동,,"Docker(kubernetes) 및 어플리케이션 배포 전략 지식 보유 - Shell script, python 및 web framework 등 기타 프로그래밍 언어 활용 가능 - 국가보훈대상자 및 장애인은 법령에 의거..."
https://kr.indeed.com/viewjob?jk=1961a1ecccb03336,[NIT Service] 네이버 파이낸셜 플랫폼 운영,성남 분당구,,"및 어플리케이션 배포 전략 지식 보유 - Shell script, python 및 web framework 등 기타 프로그래밍 언어 활용 가능... 보유 - Shell script, python 및 web framework..."
https://kr.indeed.com/viewjob?jk=2c9ffcc9fd90342d,Looking for Developer with Python language for NFT Generator,서울•원격 근무,,"Hello! We are STEA team, a startup creating NFT marketplace and NFT launchpad! One of our features will include a NFT..."
https://kr.indeed.com/viewjob?jk=b574f1454ae36aab,Cross Border Ecommerce - Business Intelligence (Based in Seo...,서울,,business analyst related roles Proficient in SQL and Python Strong analytical skill and sensitivity to data Strong oral...
https://kr.indeed.com/viewjob?jk=1fd963b87d62d30a,한화시스템/방산 2021년 한화시스템 방산부문 신사업분야 경력사원,성남 분당구,,시스템개발자|인터넷·IT·통신·모바일·게임>빅데이터·AI(인공지능)> Python|전자·기계·기술·화학·연구개발>연구원·연구개발>전기·전자|전자·기계... 그래머>C·C++|인터넷·IT·통신·모바일·게임>응용프로그래머> Python
https://kr.indeed.com/viewjob?jk=ff27ef03ddc73690,Software Engineer,서울,,experience of deep learning frameworks Programming with Python or Shell script Experience in large-scale software projects...
https://kr.indeed.com/viewjob?jk=1871312596a3c639,웹 개발,강원도 춘천,,그래머> Python|인터넷·IT·통신·모바일·게임>빅데이터·AI(인공지능)>빅데이터|인터넷·IT·통신·모바일·게임>빅데이터·AI(인공지능)>데이터분석|인터넷·IT·통신·모바일·게임>빅데이터·AI(인공지능)> Python|인터넷...
